-1.000000000000000000e+01,1.000000000000000000e+01,-2.982359476540323229e+01
-9.979979979979979987e+00,9.979979979979979987e+00,-2.989992421910321596e+01
-9.959959959959959974e+00,9.959959959959959974e+00,-2.978200608146930506e+01
-9.939939939939939961e+00,9.939939939939939961e+00,-2.959573049989967330e+01
-9.919919919919919948e+00,9.919919919919919948e+00,-2.957300396074476367e+01
-9.899899899899899935e+00,9.899899899899899935e+00,-2.979742748768734018e+01
-9.879879879879879923e+00,9.879879879879879923e+00,-2.954463079788708058e+01
-9.859859859859859910e+00,9.859859859859859910e+00,-2.959471530040934795e+01
-9.839839839839839897e+00,9.839839839839839897e+00,-2.952984140469887464e+01
-9.819819819819819884e+00,9.819819819819819884e+00,-2.941839960926562370e+01
-9.799799799799799871e+00,9.799799799799799871e+00,-2.938499504228331105e+01
-9.779779779779779858e+00,9.779779779779779858e+00,-2.919391198864304116e+01
-9.759759759759759845e+00,9.759759759759759845e+00,-2.920317550676458040e+01
-9.739739739739739832e+00,9.739739739739739832e+00,-2.920705171756993579e+01
-9.719719719719719819e+00,9.719719719719719819e+00,-2.911477283588461518e+01
-9.699699699699699806e+00,9.699699699699699806e+00,-2.906573166636167116e+01
-9.679679679679679793e+00,9.679679679679679793e+00,-2.888963113172327724e+01
-9.659659659659659781e+00,9.659659659659659781e+00,-2.899949480535556035e+01
-9.639639639639639768e+00,9.639639639639639768e+00,-2.888761214875382777e+01
-9.619619619619619755e+00,9.619619619619619755e+00,-2.894426843278903050e+01
-9.599599599599599742e+00,9.599599599599599742e+00,-2.905409778038220736e+01
-9.579579579579579729e+00,9.579579579579579729e+00,-2.867337687919470213e+01
-9.559559559559559716e+00,9.559559559559559716e+00,-2.859223505879272764e+01
-9.539539539539539703e+00,9.539539539539539703e+00,-2.869283512065926445e+01
-9.519519519519519690e+00,9.519519519519519690e+00,-2.833158309615979675e+01
-9.499499499499499677e+00,9.499499499499499677e+00,-2.864393506595837380e+01
-9.479479479479479664e+00,9.479479479479479664e+00,-2.843386258670829392e+01
-9.459459459459459651e+00,9.459459459459459651e+00,-2.839709676338096145e+01
-9.439439439439439639e+00,9.439439439439439639e+00,-2.816504039688247474e+01
-9.419419419419419626e+00,9.419419419419419626e+00,-2.811132238126823069e+01
-9.399399399399399613e+00,9.399399399399399613e+00,-2.818270345562850565e+01
-9.379379379379379600e+00,9.379379379379379600e+00,-2.810032188617792315e+01
-9.359359359359359587e+00,9.359359359359359587e+00,-2.816685665284109064e+01
-9.339339339339339574e+00,9.339339339339339574e+00,-2.821609766484041160e+01
-9.319319319319319561e+00,9.319319319319319561e+00,-2.799274917289057285e+01
-9.299299299299299548e+00,9.299299299299299548e+00,-2.788226300098749988e+01
-9.279279279279279535e+00,9.279279279279279535e+00,-2.771480876976506735e+01
-9.259259259259259522e+00,9.259259259259259522e+00,-2.765753979289933895e+01
-9.239239239239239510e+00,9.239239239239239510e+00,-2.775645039945851522e+01
-9.219219219219219497e+00,9.219219219219219497e+00,-2.768788793271519211e+01
-9.199199199199199484e+00,9.199199199199199484e+00,-2.770245289410430800e+01
-9.179179179179179471e+00,9.179179179179179471e+00,-2.767953933125543742e+01
-9.159159159159159458e+00,9.159159159159159458e+00,-2.764810449653997892e+01
-9.139139139139139445e+00,9.139139139139139445e+00,-2.722233987789423892e+01
-9.119119119119119432e+00,9.119119119119119432e+00,-2.740832257553252305e+01
-9.099099099099099419e+00,9.099099099099099419e+00,-2.734110472745841847e+01
-9.079079079079079406e+00,9.079079079079079406e+00,-2.736251677324223053e+01
-9.059059059059059393e+00,9.059059059059059393e+00,-2.709942814159398594e+01
-9.039039039039039380e+00,9.039039039039039380e+00,-2.727850690187291249e+01
-9.019019019019019368e+00,9.019019019019019368e+00,-2.707833108507845665e+01
-8.998998998998999355e+00,8.998998998998999355e+00,-2.708654365311636525e+01
-8.978978978978979342e+00,8.978978978978979342e+00,-2.689824668715101197e+01
-8.958958958958959329e+00,8.958958958958959329e+00,-2.692795739063376459e+01
-8.938938938938939316e+00,8.938938938938939316e+00,-2.693488003522906027e+01
-8.918918918918919303e+00,8.918918918918919303e+00,-2.675957497959062437e+01
-8.898898898898899290e+00,8.898898898898899290e+00,-2.665386350964365647e+01
-8.878878878878879277e+00,8.878878878878879277e+00,-2.662998491439832094e+01
-8.858858858858859264e+00,8.858858858858859264e+00,-2.654632938680260068e+01
-8.838838838838839251e+00,8.838838838838839251e+00,-2.657994872588461277e+01
-8.818818818818819238e+00,8.818818818818819238e+00,-2.649273057305517298e+01
-8.798798798798799226e+00,8.798798798798799226e+00,-2.646364244117399167e+01
-8.778778778778779213e+00,8.778778778778779213e+00,-2.637229165249039298e+01
-8.758758758758759200e+00,8.758758758758759200e+00,-2.635759090448072328e+01
-8.738738738738739187e+00,8.738738738738739187e+00,-2.638884447644938547e+01
-8.718718718718719174e+00,8.718718718718719174e+00,-2.613841354193078104e+01
-8.698698698698699161e+00,8.698698698698699161e+00,-2.613627418971692506e+01
-8.678678678678679148e+00,8.678678678678679148e+00,-2.619905587073264286e+01
-8.658658658658659135e+00,8.658658658658659135e+00,-2.592969775042340075e+01
-8.638638638638639122e+00,8.638638638638639122e+00,-2.600664575235424181e+01
-8.618618618618619109e+00,8.618618618618619109e+00,-2.585066131627624486e+01
-8.598598598598599096e+00,8.598598598598599096e+00,-2.572288673957804406e+01
-8.578578578578579084e+00,8.578578578578579084e+00,-2.572283744465999789e+01
-8.558558558558559071e+00,8.558558558558559071e+00,-2.556173560722134752e+01
-8.538538538538539058e+00,8.538538538538539058e+00,-2.573909819765098206e+01
-8.518518518518519045e+00,8.518518518518519045e+00,-2.551532139143780142e+01
-8.498498498498499032e+00,8.498498498498499032e+00,-2.556397650458952953e+01
-8.478478478478479019e+00,8.478478478478479019e+00,-2.552251515035362672e+01
-8.458458458458459006e+00,8.458458458458459006e+00,-2.543326034185181683e+01
-8.438438438438438993e+00,8.438438438438438993e+00,-2.534647056852805491e+01
-8.418418418418418980e+00,8.418418418418418980e+00,-2.524963872103228368e+01
-8.398398398398398967e+00,8.398398398398398967e+00,-2.531171017927353262e+01
-8.378378378378378954e+00,8.378378378378378954e+00,-2.504505248643971882e+01
-8.358358358358358942e+00,8.358358358358358942e+00,-2.502850883110203029e+01
-8.338338338338338929e+00,8.338338338338338929e+00,-2.516863938364273778e+01
-8.318318318318318916e+00,8.318318318318318916e+00,-2.480612973557539647e+01
-8.298298298298298903e+00,8.298298298298298903e+00,-2.470530597729183953e+01
-8.278278278278278890e+00,8.278278278278278890e+00,-2.471695687771887151e+01
-8.258258258258258877e+00,8.258258258258258877e+00,-2.479276725835601169e+01
-8.238238238238238864e+00,8.238238238238238864e+00,-2.482178997686576949e+01
-8.218218218218218851e+00,8.218218218218218851e+00,-2.454920948196154384e+01
-8.198198198198198838e+00,8.198198198198198838e+00,-2.463491228929191479e+01
-8.178178178178178825e+00,8.178178178178178825e+00,-2.441229002749629373e+01
-8.158158158158158813e+00,8.158158158158158813e+00,-2.445364697666678921e+01
-8.138138138138138800e+00,8.138138138138138800e+00,-2.431675051076604532e+01
-8.118118118118118787e+00,8.118118118118118787e+00,-2.431871771463691445e+01
-8.098098098098098774e+00,8.098098098098098774e+00,-2.422363697747510258e+01
-8.078078078078078761e+00,8.078078078078078761e+00,-2.423318423216215578e+01
-8.058058058058058748e+00,8.058058058058058748e+00,-2.399558712478359368e+01
-8.038038038038038735e+00,8.038038038038038735e+00,-2.410142290484375494e+01
-8.018018018018018722e+00,8.018018018018018722e+00,-2.401385511770958558e+01
-7.997997997997997821e+00,7.997997997997998709e+00,-2.380567892428836529e+01
-7.977977977977977808e+00,7.977977977977978696e+00,-2.406870984004817515e+01
-7.957957957957957795e+00,7.957957957957958683e+00,-2.400092237372244242e+01
-7.937937937937937782e+00,7.937937937937938671e+00,-2.371687414299800878e+01
-7.917917917917917769e+00,7.917917917917918658e+00,-2.387106609426516357e+01
-7.897897897897897757e+00,7.897897897897898645e+00,-2.349933157512876036e+01
-7.877877877877877744e+00,7.877877877877878632e+00,-2.367499553170960525e+01
-7.857857857857857731e+00,7.857857857857858619e+00,-2.364831905471764628e+01
-7.837837837837837718e+00,7.837837837837838606e+00,-2.332121931086546951e+01
-7.817817817817817705e+00,7.817817817817818593e+00,-2.330540197431000493e+01
-7.797797797797797692e+00,7.797797797797798580e+00,-2.320663749735073011e+01
-7.777777777777777679e+00,7.777777777777778567e+00,-2.324272886750578948e+01
-7.757757757757757666e+00,7.757757757757758554e+00,-2.335939584177873840e+01
-7.737737737737737653e+00,7.737737737737738541e+00,-2.302220671790330542e+01
-7.717717717717717640e+00,7.717717717717718529e+00,-2.317995349024828755e+01
-7.697697697697697627e+00,7.697697697697698516e+00,-2.301284745351344796e+01
-7.677677677677677615e+00,7.677677677677678503e+00,-2.293830783625565317e+01
-7.657657657657657602e+00,7.657657657657658490e+00,-2.298847398228205208e+01
-7.637637637637637589e+00,7.637637637637638477e+00,-2.285150497587829932e+01
-7.617617617617617576e+00,7.617617617617618464e+00,-2.276063218569619551e+01
-7.597597597597597563e+00,7.597597597597598451e+00,-2.275515023967722428e+01
-7.577577577577577550e+00,7.577577577577578438e+00,-2.284267281179114661e+01
-7.557557557557557537e+00,7.557557557557558425e+00,-2.264284885525206192e+01
-7.537537537537537524e+00,7.537537537537538412e+00,-2.247997402294390668e+01
-7.517517517517517511e+00,7.517517517517518399e+00,-2.262200933852568596e+01
-7.497497497497497498e+00,7.497497497497498387e+00,-2.250745594652525483e+01
-7.477477477477477485e+00,7.477477477477478374e+00,-2.247594778760459278e+01
-7.457457457457457473e+00,7.457457457457458361e+00,-2.218744599952443508e+01
-7.437437437437437460e+00,7.437437437437438348e+00,-2.224508283661106489e+01
-7.417417417417417447e+00,7.417417417417418335e+00,-2.221150606862813603e+01
-7.397397397397397434e+00,7.397397397397398322e+00,-2.226918379963672123e+01
-7.377377377377377421e+00,7.377377377377378309e+00,-2.207820721300294764e+01
-7.357357357357357408e+00,7.357357357357358296e+00,-2.213950533813780552e+01
-7.337337337337337395e+00,7.337337337337338283e+00,-2.200882895618457269e+01
-7.317317317317317382e+00,7.317317317317318270e+00,-2.201553655978983670e+01
-7.297297297297297369e+00,7.297297297297298257e+00,-2.182424856239723709e+01
-7.277277277277277356e+00,7.277277277277278245e+00,-2.177417275017033305e+01
-7.257257257257257343e+00,7.257257257257258232e+00,-2.179260164732956540e+01
-7.237237237237237331e+00,7.237237237237238219e+00,-2.167211104044554304e+01
-7.217217217217217318e+00,7.217217217217218206e+00,-2.176095780252469680e+01
-7.197197197197197305e+00,7.197197197197198193e+00,-2.174071735086214829e+01
-7.177177177177177292e+00,7.177177177177178180e+00,-2.148759236140507412e+01
-7.157157157157157279e+00,7.157157157157158167e+00,-2.145480412193421316e+01
-7.137137137137137266e+00,7.137137137137138154e+00,-2.134790826772219674e+01
-7.117117117117117253e+00,7.117117117117118141e+00,-2.111303687386495298e+01
-7.097097097097097240e+00,7.097097097097098128e+00,-2.119684334259224556e+01
-7.077077077077077227e+00,7.077077077077078116e+00,-2.132251345377564178e+01
-7.057057057057057214e+00,7.057057057057058103e+00,-2.105946954236158319e+01
-7.037037037037037202e+00,7.037037037037038090e+00,-2.124270185216225926e+01
-7.017017017017017189e+00,7.017017017017018077e+00,-2.109720951153251889e+01
-6.996996996996997176e+00,6.996996996996998064e+00,-2.099781515152345079e+01
-6.976976976976977163e+00,6.976976976976978051e+00,-2.075959665876598947e+01
-6.956956956956957150e+00,6.956956956956958038e+00,-2.094534635307570980e+01
-6.936936936936937137e+00,6.936936936936938025e+00,-2.089345466467670676e+01
-6.916916916916917124e+00,6.916916916916918012e+00,-2.076059600319328879e+01
-6.896896896896897111e+00,6.896896896896897999e+00,-2.075703851932689759e+01
-6.876876876876877098e+00,6.876876876876877986e+00,-2.051796703841997527e+01
-6.856856856856857085e+00,6.856856856856857974e+00,-2.067856372140690979e+01
-6.836836836836837072e+00,6.836836836836837961e+00,-2.062525737575161600e+01
-6.816816816816817060e+00,6.816816816816817948e+00,-2.049423245492489087e+01
-6.796796796796797047e+00,6.796796796796797935e+00,-2.044019363545961809e+01
-6.776776776776776146e+00,6.776776776776777922e+00,-2.013737712494862819e+01
-6.756756756756756133e+00,6.756756756756757909e+00,-2.017532818957769081e+01
-6.736736736736736120e+00,6.736736736736737896e+00,-2.020145508607168594e+01
-6.716716716716716107e+00,6.716716716716717883e+00,-2.027269370203316257e+01
-6.696696696696696094e+00,6.696696696696697870e+00,-2.000565379244993025e+01
-6.676676676676676081e+00,6.676676676676677857e+00,-2.013005156476898350e+01
-6.656656656656656068e+00,6.656656656656657844e+00,-2.012444707964772661e+01
-6.636636636636636055e+00,6.636636636636637832e+00,-1.979110693067467608e+01
-6.616616616616616042e+00,6.616616616616617819e+00,-1.981815558865736193e+01
-6.596596596596596029e+00,6.596596596596597806e+00,-1.969770390741170374e+01
-6.576576576576576016e+00,6.576576576576577793e+00,-1.969785696443542378e+01
-6.556556556556556004e+00,6.556556556556557780e+00,-1.958398660847939610e+01
-6.536536536536535991e+00,6.536536536536537767e+00,-1.967471216893962094e+01
-6.516516516516515978e+00,6.516516516516517754e+00,-1.965297383372799089e+01
-6.496496496496495965e+00,6.496496496496497741e+00,-1.942133003766132404e+01
-6.476476476476475952e+00,6.476476476476477728e+00,-1.950977039584681094e+01
-6.456456456456455939e+00,6.456456456456457715e+00,-1.943832434714438762e+01
-6.436436436436435926e+00,6.436436436436437702e+00,-1.935486255966103997e+01
-6.416416416416415913e+00,6.416416416416417690e+00,-1.924750133334674018e+01
-6.396396396396395900e+00,6.396396396396397677e+00,-1.922458858031453488e+01
-6.376376376376375887e+00,6.376376376376377664e+00,-1.926662425847092663e+01
-6.356356356356355874e+00,6.356356356356357651e+00,-1.913343090935235580e+01
-6.336336336336335862e+00,6.336336336336337638e+00,-1.923134932423144861e+01
-6.316316316316315849e+00,6.316316316316317625e+00,-1.888642580384622605e+01
-6.296296296296295836e+00,6.296296296296297612e+00,-1.904909465444956140e+01
-6.276276276276275823e+00,6.276276276276277599e+00,-1.893926716277167088e+01
-6.256256256256255810e+00,6.256256256256257586e+00,-1.876355226084266903e+01
-6.236236236236235797e+00,6.236236236236237573e+00,-1.878266500834783770e+01
-6.216216216216215784e+00,6.216216216216217560e+00,-1.849434718910797315e+01
-6.196196196196195771e+00,6.196196196196197548e+00,-1.871787427956093097e+01
-6.176176176176175758e+00,6.176176176176177535e+00,-1.850182344159360781e+01
-6.156156156156155745e+00,6.156156156156157522e+00,-1.847239675029121386e+01
-6.136136136136135732e+00,6.136136136136137509e+00,-1.852521775818252436e+01
-6.116116116116115720e+00,6.116116116116117496e+00,-1.829602068229516831e+01
-6.096096096096095707e+00,6.096096096096097483e+00,-1.830544292141050988e+01
-6.076076076076075694e+00,6.076076076076077470e+00,-1.815104917310685906e+01
-6.056056056056055681e+00,6.056056056056057457e+00,-1.808581775277179204e+01
-6.036036036036035668e+00,6.036036036036037444e+00,-1.789178451318003482e+01
-6.016016016016015655e+00,6.016016016016017431e+00,-1.791439525310440573e+01
-5.995995995995995642e+00,5.995995995995995642e+00,-1.802490617178223431e+01
-5.975975975975975629e+00,5.975975975975975629e+00,-1.795186584568552135e+01
-5.955955955955955616e+00,5.955955955955955616e+00,-1.775790190827915893e+01
-5.935935935935935603e+00,5.935935935935935603e+00,-1.774228143473554908e+01
-5.915915915915915591e+00,5.915915915915915591e+00,-1.768373459513798807e+01
-5.895895895895895578e+00,5.895895895895895578e+00,-1.784938329211877317e+01
-5.875875875875875565e+00,5.875875875875875565e+00,-1.763006024006752170e+01
-5.855855855855855552e+00,5.855855855855855552e+00,-1.764137065848813890e+01
-5.835835835835835539e+00,5.835835835835835539e+00,-1.747951504760318286e+01
-5.815815815815815526e+00,5.815815815815815526e+00,-1.745726248641174294e+01
-5.795795795795795513e+00,5.795795795795795513e+00,-1.729636949657813005e+01
-5.775775775775775500e+00,5.775775775775775500e+00,-1.729560550580819722e+01
-5.755755755755755487e+00,5.755755755755755487e+00,-1.718863447105637121e+01
-5.735735735735735474e+00,5.735735735735735474e+00,-1.725384911688080081e+01
-5.715715715715715461e+00,5.715715715715715461e+00,-1.724159177273897470e+01
-5.695695695695695449e+00,5.695695695695695449e+00,-1.712809205640734334e+01
-5.675675675675675436e+00,5.675675675675675436e+00,-1.702872906841317047e+01
-5.655655655655655423e+00,5.655655655655655423e+00,-1.692905179341146038e+01
-5.635635635635635410e+00,5.635635635635635410e+00,-1.668097601183782430e+01
-5.615615615615615397e+00,5.615615615615615397e+00,-1.685107256201291293e+01
-5.595595595595595384e+00,5.595595595595595384e+00,-1.688238128683606476e+01
-5.575575575575575371e+00,5.575575575575575371e+00,-1.676132490429666788e+01
-5.555555555555555358e+00,5.555555555555555358e+00,-1.671302626413127612e+01
-5.535535535535535345e+00,5.535535535535535345e+00,-1.655845845922926074e+01
-5.515515515515515332e+00,5.515515515515515332e+00,-1.670062624799101059e+01
-5.495495495495495319e+00,5.495495495495495319e+00,-1.648016028706645386e+01
-5.475475475475475307e+00,5.475475475475475307e+00,-1.641077577262988996e+01
-5.455455455455455294e+00,5.455455455455455294e+00,-1.634314826274633958e+01
-5.435435435435435281e+00,5.435435435435435281e+00,-1.636603791320284529e+01
-5.415415415415415268e+00,5.415415415415415268e+00,-1.627003841921984773e+01
-5.395395395395395255e+00,5.395395395395395255e+00,-1.632859227708443939e+01
-5.375375375375375242e+00,5.375375375375375242e+00,-1.617545811446234794e+01
-5.355355355355355229e+00,5.355355355355355229e+00,-1.612035221366773996e+01
-5.335335335335335216e+00,5.335335335335335216e+00,-1.596440100137986562e+01
-5.315315315315315203e+00,5.315315315315315203e+00,-1.606156418912813777e+01
-5.295295295295295190e+00,5.295295295295295190e+00,-1.580776607571488768e+01
-5.275275275275275177e+00,5.275275275275275177e+00,-1.567637737137668985e+01
-5.255255255255255165e+00,5.255255255255255165e+00,-1.597276426826712026e+01
-5.235235235235235152e+00,5.235235235235235152e+00,-1.566307983262789705e+01
-5.215215215215215139e+00,5.215215215215215139e+00,-1.557795484214262238e+01
-5.195195195195195126e+00,5.195195195195195126e+00,-1.564932928814081059e+01
-5.175175175175175113e+00,5.175175175175175113e+00,-1.556525270695840746e+01
-5.155155155155155100e+00,5.155155155155155100e+00,-1.547875352322416198e+01
-5.135135135135135087e+00,5.135135135135135087e+00,-1.543518449334557907e+01
-5.115115115115115074e+00,5.115115115115115074e+00,-1.537624664225005944e+01
-5.095095095095095061e+00,5.095095095095095061e+00,-1.545288566591828427e+01
-5.075075075075075048e+00,5.075075075075075048e+00,-1.510999206874691581e+01
-5.055055055055055035e+00,5.055055055055055035e+00,-1.505720330596148493e+01
-5.035035035035035023e+00,5.035035035035035023e+00,-1.518644153102552785e+01
-5.015015015015015010e+00,5.015015015015015010e+00,-1.519168747782529749e+01
-4.994994994994994997e+00,4.994994994994994997e+00,-1.493287849733971129e+01
-4.974974974974974984e+00,4.974974974974974984e+00,-1.498250372190623381e+01
-4.954954954954954971e+00,4.954954954954954971e+00,-1.485066954853278887e+01
-4.934934934934934958e+00,4.934934934934934958e+00,-1.483673764651931570e+01
-4.914914914914914945e+00,4.914914914914914945e+00,-1.467559086963772863e+01
-4.894894894894894932e+00,4.894894894894894932e+00,-1.461520977031908686e+01
-4.874874874874874919e+00,4.874874874874874919e+00,-1.469718436247098481e+01
-4.854854854854854906e+00,4.854854854854854906e+00,-1.470290096010407233e+01
-4.834834834834834894e+00,4.834834834834834894e+00,-1.466279834423801454e+01
-4.814814814814814881e+00,4.814814814814814881e+00,-1.438340650653372599e+01
-4.794794794794794868e+00,4.794794794794794868e+00,-1.450327031016278845e+01
-4.774774774774774855e+00,4.774774774774774855e+00,-1.437500595975419593e+01
-4.754754754754754842e+00,4.754754754754754842e+00,-1.432389566810931747e+01
-4.734734734734734829e+00,4.734734734734734829e+00,-1.420946093383116171e+01
-4.714714714714714816e+00,4.714714714714714816e+00,-1.433777212472879725e+01
-4.694694694694694803e+00,4.694694694694694803e+00,-1.406520622440470270e+01
-4.674674674674674790e+00,4.674674674674674790e+00,-1.397163492164060550e+01
-4.654654654654654777e+00,4.654654654654654777e+00,-1.395512175525949949e+01
-4.634634634634634764e+00,4.634634634634634764e+00,-1.393499252107375241e+01
-4.614614614614614752e+00,4.614614614614614752e+00,-1.383410382721696763e+01
-4.594594594594594739e+00,4.594594594594594739e+00,-1.374387914921977227e+01
-4.574574574574574726e+00,4.574574574574574726e+00,-1.400098299936639101e+01
-4.554554554554554713e+00,4.554554554554554713e+00,-1.346807243283859634e+01
-4.534534534534534700e+00,4.534534534534534700e+00,-1.356459427133481377e+01
-4.514514514514514687e+00,4.514514514514514687e+00,-1.360878440178224835e+01
-4.494494494494494674e+00,4.494494494494494674e+00,-1.352257882100224506e+01
-4.474474474474474661e+00,4.474474474474474661e+00,-1.337404924568850717e+01
-4.454454454454454648e+00,4.454454454454454648e+00,-1.337497375726680282e+01
-4.434434434434434635e+00,4.434434434434434635e+00,-1.350637175008145441e+01
-4.414414414414414622e+00,4.414414414414414622e+00,-1.303679395710731370e+01
-4.394394394394394610e+00,4.394394394394394610e+00,-1.319423724890643257e+01
-4.374374374374374597e+00,4.374374374374374597e+00,-1.302110585195154613e+01
-4.354354354354354584e+00,4.354354354354354584e+00,-1.313226804784150481e+01
-4.334334334334334571e+00,4.334334334334334571e+00,-1.284936529757842649e+01
-4.314314314314314558e+00,4.314314314314314558e+00,-1.291430857405371668e+01
-4.294294294294294545e+00,4.294294294294294545e+00,-1.282199849943533998e+01
-4.274274274274274532e+00,4.274274274274274532e+00,-1.292734815943752125e+01
-4.254254254254254519e+00,4.254254254254254519e+00,-1.264164823379449487e+01
-4.234234234234234506e+00,4.234234234234234506e+00,-1.263372088624922718e+01
-4.214214214214214493e+00,4.214214214214214493e+00,-1.251245801968614479e+01
-4.194194194194194480e+00,4.194194194194194480e+00,-1.264539133854674269e+01
-4.174174174174174468e+00,4.174174174174174468e+00,-1.257062523436860424e+01
-4.154154154154154455e+00,4.154154154154154455e+00,-1.223207079269407060e+01
-4.134134134134134442e+00,4.134134134134134442e+00,-1.250840398467456005e+01
-4.114114114114114429e+00,4.114114114114114429e+00,-1.235593731241017679e+01
-4.094094094094094416e+00,4.094094094094094416e+00,-1.216859314602201536e+01
-4.074074074074074403e+00,4.074074074074074403e+00,-1.221244972545073892e+01
-4.054054054054054390e+00,4.054054054054054390e+00,-1.210386679418683542e+01
-4.034034034034034377e+00,4.034034034034034377e+00,-1.214204700502839174e+01
-4.014014014014014364e+00,4.014014014014014364e+00,-1.200503645325729352e+01
-3.993993993993994351e+00,3.993993993993994351e+00,-1.211263466715551651e+01
-3.973973973973974338e+00,3.973973973973974338e+00,-1.175610885396010552e+01
-3.953953953953954326e+00,3.953953953953954326e+00,-1.187367826637472135e+01
-3.933933933933934313e+00,3.933933933933934313e+00,-1.186981962220149001e+01
-3.913913913913914300e+00,3.913913913913914300e+00,-1.167510343353855262e+01
-3.893893893893894287e+00,3.893893893893894287e+00,-1.172775366042053946e+01
-3.873873873873874274e+00,3.873873873873874274e+00,-1.175504746876189976e+01
-3.853853853853854261e+00,3.853853853853854261e+00,-1.169623331214132023e+01
-3.833833833833834248e+00,3.833833833833834248e+00,-1.143212418623249071e+01
-3.813813813813814235e+00,3.813813813813814235e+00,-1.145739878525607125e+01
-3.793793793793794222e+00,3.793793793793794222e+00,-1.139475153734822754e+01
-3.773773773773774209e+00,3.773773773773774209e+00,-1.121354694072369895e+01
-3.753753753753754197e+00,3.753753753753754197e+00,-1.137394384213693854e+01
-3.733733733733734184e+00,3.733733733733734184e+00,-1.127426897648768644e+01
-3.713713713713714171e+00,3.713713713713714171e+00,-1.117962912205927140e+01
-3.693693693693694158e+00,3.693693693693694158e+00,-1.107164592214937748e+01
-3.673673673673674145e+00,3.673673673673674145e+00,-1.102523816615008201e+01
-3.653653653653654132e+00,3.653653653653654132e+00,-1.098964968019995503e+01
-3.633633633633634119e+00,3.633633633633634119e+00,-1.090706354111046927e+01
-3.613613613613614106e+00,3.613613613613614106e+00,-1.085157136846996195e+01
-3.593593593593594093e+00,3.593593593593594093e+00,-1.085274121963596272e+01
-3.573573573573573192e+00,3.573573573573574080e+00,-1.080202001957612445e+01
-3.553553553553553179e+00,3.553553553553554067e+00,-1.063320902488826292e+01
-3.533533533533533166e+00,3.533533533533534055e+00,-1.068969210890015020e+01
-3.513513513513513153e+00,3.513513513513514042e+00,-1.065627606645962189e+01
-3.493493493493493141e+00,3.493493493493494029e+00,-1.051170970559304685e+01
-3.473473473473473128e+00,3.473473473473474016e+00,-1.043618712203679877e+01
-3.453453453453453115e+00,3.453453453453454003e+00,-1.013468801063053526e+01
-3.433433433433433102e+00,3.433433433433433990e+00,-1.037077032788591957e+01
-3.413413413413413089e+00,3.413413413413413977e+00,-1.014591416774328714e+01
-3.393393393393393076e+00,3.393393393393393964e+00,-1.010546134675971253e+01
-3.373373373373373063e+00,3.373373373373373951e+00,-1.023901461564049065e+01
-3.353353353353353050e+00,3.353353353353353938e+00,-9.982734762319797284e+00
-3.333333333333333037e+00,3.333333333333333925e+00,-1.011838806401932800e+01
-3.313313313313313024e+00,3.313313313313313913e+00,-1.020585716373961027e+01
-3.293293293293293011e+00,3.293293293293293900e+00,-9.819247927443937485e+00
-3.273273273273272999e+00,3.273273273273273887e+00,-9.995408878163587474e+00
-3.253253253253252986e+00,3.253253253253253874e+00,-9.714666313579165546e+00
-3.233233233233232973e+00,3.233233233233233861e+00,-9.768100789473418644e+00
-3.213213213213212960e+00,3.213213213213213848e+00,-9.473684560020648959e+00
-3.193193193193192947e+00,3.193193193193193835e+00,-9.472728639647975513e+00
-3.173173173173172934e+00,3.173173173173173822e+00,-9.564858099904654409e+00
-3.153153153153152921e+00,3.153153153153153809e+00,-9.528243220562323756e+00
-3.133133133133132908e+00,3.133133133133133796e+00,-9.520807139708807654e+00
-3.113113113113112895e+00,3.113113113113113783e+00,-9.383431602568595764e+00
-3.093093093093092882e+00,3.093093093093093771e+00,-9.307314828797727202e+00
-3.073073073073072869e+00,3.073073073073073758e+00,-9.255688573658384044e+00
-3.053053053053052857e+00,3.053053053053053745e+00,-9.143488773631919031e+00
-3.033033033033032844e+00,3.033033033033033732e+00,-9.041246949326207982e+00
-3.013013013013012831e+00,3.013013013013013719e+00,-9.004073593339718684e+00
-2.992992992992992818e+00,2.992992992992993706e+00,-9.055393371369619970e+00
-2.972972972972972805e+00,2.972972972972973693e+00,-9.062698066299073929e+00
-2.952952952952952792e+00,2.952952952952953680e+00,-8.722405674048609114e+00
-2.932932932932932779e+00,2.932932932932933667e+00,-8.867743717253789626e+00
-2.912912912912912766e+00,2.912912912912913654e+00,-8.803968098732237735e+00
-2.892892892892892753e+00,2.892892892892893641e+00,-8.730797609908787393e+00
-2.872872872872872740e+00,2.872872872872873629e+00,-8.802925573634279743e+00
-2.852852852852852727e+00,2.852852852852853616e+00,-8.606355958962604191e+00
-2.832832832832832715e+00,2.832832832832833603e+00,-8.546464079899291022e+00
-2.812812812812812702e+00,2.812812812812811814e+00,-8.376402608604088584e+00
-2.792792792792792689e+00,2.792792792792791801e+00,-8.308532663467644852e+00
-2.772772772772772676e+00,2.772772772772771788e+00,-8.317941229409692383e+00
-2.752752752752752663e+00,2.752752752752751775e+00,-8.165073420846828967e+00
-2.732732732732732650e+00,2.732732732732731762e+00,-8.164201699818072200e+00
-2.712712712712712637e+00,2.712712712712711749e+00,-8.139706349298394983e+00
-2.692692692692692624e+00,2.692692692692691736e+00,-8.061985261248256762e+00
-2.672672672672672611e+00,2.672672672672671723e+00,-8.037083367376158805e+00
-2.652652652652652598e+00,2.652652652652651710e+00,-7.997442909361303975e+00
-2.632632632632632586e+00,2.632632632632631697e+00,-7.924671251587295018e+00
-2.612612612612612573e+00,2.612612612612611684e+00,-7.950638970984838849e+00
-2.592592592592592560e+00,2.592592592592591672e+00,-7.749733607246149347e+00
-2.572572572572572547e+00,2.572572572572571659e+00,-7.817030078810677018e+00
-2.552552552552552534e+00,2.552552552552551646e+00,-7.573494531250294592e+00
-2.532532532532532521e+00,2.532532532532531633e+00,-7.622543455613693730e+00
-2.512512512512512508e+00,2.512512512512511620e+00,-7.532588039372529742e+00
-2.492492492492492495e+00,2.492492492492491607e+00,-7.428093799849382783e+00
-2.472472472472472482e+00,2.472472472472471594e+00,-7.353085970911125813e+00
-2.452452452452452469e+00,2.452452452452451581e+00,-7.514419698220703658e+00
-2.432432432432432456e+00,2.432432432432431568e+00,-7.317987664913695234e+00
-2.412412412412412444e+00,2.412412412412411555e+00,-7.149219346029159539e+00
-2.392392392392392431e+00,2.392392392392391542e+00,-7.346987759120403361e+00
-2.372372372372372418e+00,2.372372372372371530e+00,-7.078389069577611714e+00
-2.352352352352352405e+00,2.352352352352351517e+00,-7.282613479997277040e+00
-2.332332332332332392e+00,2.332332332332331504e+00,-7.099247681360558282e+00
-2.312312312312312379e+00,2.312312312312311491e+00,-6.933073881752918943e+00
-2.292292292292292366e+00,2.292292292292291478e+00,-7.042548387109073715e+00
-2.272272272272272353e+00,2.272272272272271465e+00,-6.915367890585232935e+00
-2.252252252252252340e+00,2.252252252252251452e+00,-6.903940257503117017e+00
-2.232232232232232327e+00,2.232232232232231439e+00,-6.531883203475941535e+00
-2.212212212212212314e+00,2.212212212212211426e+00,-6.620213861087904661e+00
-2.192192192192192302e+00,2.192192192192191413e+00,-6.519847548791310565e+00
-2.172172172172172289e+00,2.172172172172171400e+00,-6.538784026568032814e+00
-2.152152152152152276e+00,2.152152152152151388e+00,-6.491799631332177967e+00
-2.132132132132132263e+00,2.132132132132131375e+00,-6.558043815261500598e+00
-2.112112112112112250e+00,2.112112112112111362e+00,-6.365520072611124291e+00
-2.092092092092092237e+00,2.092092092092091349e+00,-6.352425497457439896e+00
-2.072072072072072224e+00,2.072072072072071336e+00,-6.130423823786983917e+00
-2.052052052052052211e+00,2.052052052052051323e+00,-6.042045969490399848e+00
-2.032032032032032198e+00,2.032032032032031310e+00,-5.949438224538679876e+00
-2.012012012012012185e+00,2.012012012012011297e+00,-5.950780842089914202e+00
-1.991991991991991284e+00,1.991991991991991284e+00,-6.035841369668272449e+00
-1.971971971971971271e+00,1.971971971971971271e+00,-6.027505614511952992e+00
-1.951951951951951258e+00,1.951951951951951258e+00,-5.779189537691345357e+00
-1.931931931931931246e+00,1.931931931931931246e+00,-5.760166514048564501e+00
-1.911911911911911233e+00,1.911911911911911233e+00,-5.912589580803436995e+00
-1.891891891891891220e+00,1.891891891891891220e+00,-5.640127496401296625e+00
-1.871871871871871207e+00,1.871871871871871207e+00,-5.534163633366826929e+00
-1.851851851851851194e+00,1.851851851851851194e+00,-5.549662996637390933e+00
-1.831831831831831181e+00,1.831831831831831181e+00,-5.514000862596427410e+00
-1.811811811811811168e+00,1.811811811811811168e+00,-5.516200284197068981e+00
-1.791791791791791155e+00,1.791791791791791155e+00,-5.520028845331712120e+00
-1.771771771771771142e+00,1.771771771771771142e+00,-5.235285520381310675e+00
-1.751751751751751129e+00,1.751751751751751129e+00,-5.286166699732424590e+00
-1.731731731731731116e+00,1.731731731731731116e+00,-5.218541861349562438e+00
-1.711711711711711104e+00,1.711711711711711104e+00,-4.961863016443220253e+00
-1.691691691691691091e+00,1.691691691691691091e+00,-5.006624964389153831e+00
-1.671671671671671078e+00,1.671671671671671078e+00,-4.977932514886902915e+00
-1.651651651651651065e+00,1.651651651651651065e+00,-4.940748774436229951e+00
-1.631631631631631052e+00,1.631631631631631052e+00,-4.742895408818315950e+00
-1.611611611611611039e+00,1.611611611611611039e+00,-4.662875904093213286e+00
-1.591591591591591026e+00,1.591591591591591026e+00,-4.681824263626820581e+00
-1.571571571571571013e+00,1.571571571571571013e+00,-4.656492255574920414e+00
-1.551551551551551000e+00,1.551551551551551000e+00,-4.864114961775267254e+00
-1.531531531531530987e+00,1.531531531531530987e+00,-4.582222403171241965e+00
-1.511511511511510975e+00,1.511511511511510975e+00,-4.547545229953903423e+00
-1.491491491491490962e+00,1.491491491491490962e+00,-4.465079151535915614e+00
-1.471471471471470949e+00,1.471471471471470949e+00,-4.320109805682161408e+00
-1.451451451451450936e+00,1.451451451451450936e+00,-4.628322071073308841e+00
-1.431431431431430923e+00,1.431431431431430923e+00,-4.351225499641310890e+00
-1.411411411411410910e+00,1.411411411411410910e+00,-4.207243798740156748e+00
-1.391391391391390897e+00,1.391391391391390897e+00,-4.220858728779449009e+00
-1.371371371371370884e+00,1.371371371371370884e+00,-4.255804725426738599e+00
-1.351351351351350871e+00,1.351351351351350871e+00,-3.967157705364372955e+00
-1.331331331331330858e+00,1.331331331331330858e+00,-3.966306803409379800e+00
-1.311311311311310845e+00,1.311311311311310845e+00,-4.031044390978380854e+00
-1.291291291291290833e+00,1.291291291291290833e+00,-3.842392153422290235e+00
-1.271271271271270820e+00,1.271271271271270820e+00,-3.731655242608832967e+00
-1.251251251251250807e+00,1.251251251251250807e+00,-3.753224489123816454e+00
-1.231231231231230794e+00,1.231231231231230794e+00,-3.613637213350592514e+00
-1.211211211211210781e+00,1.211211211211210781e+00,-3.625807616117466381e+00
-1.191191191191190768e+00,1.191191191191190768e+00,-3.613096471839007950e+00
-1.171171171171170755e+00,1.171171171171170755e+00,-3.629455565153503649e+00
-1.151151151151150742e+00,1.151151151151150742e+00,-3.462046530150613588e+00
-1.131131131131130729e+00,1.131131131131130729e+00,-3.373964099588814936e+00
-1.111111111111110716e+00,1.111111111111110716e+00,-3.245750057174598968e+00
-1.091091091091090703e+00,1.091091091091090703e+00,-3.284784020121994885e+00
-1.071071071071070691e+00,1.071071071071070691e+00,-3.167471652591113074e+00
-1.051051051051050678e+00,1.051051051051050678e+00,-3.249614354526524806e+00
-1.031031031031030665e+00,1.031031031031030665e+00,-3.171356008675844329e+00
-1.011011011011010652e+00,1.011011011011010652e+00,-3.044071962935720688e+00
-9.909909909909906389e-01,9.909909909909906389e-01,-3.078435819371473148e+00
-9.709709709709706260e-01,9.709709709709706260e-01,-2.830888129180443968e+00
-9.509509509509506131e-01,9.509509509509506131e-01,-2.806539819920990997e+00
-9.309309309309306002e-01,9.309309309309306002e-01,-2.764883216353546391e+00
-9.109109109109105873e-01,9.109109109109105873e-01,-2.698842320211137125e+00
-8.908908908908905744e-01,8.908908908908905744e-01,-2.470568316524191843e+00
-8.708708708708705615e-01,8.708708708708705615e-01,-2.659499031409291447e+00
-8.508508508508505486e-01,8.508508508508505486e-01,-2.772696681102607474e+00
-8.308308308308305357e-01,8.308308308308305357e-01,-2.472562472802845246e+00
-8.108108108108105228e-01,8.108108108108105228e-01,-2.437492786528598021e+00
-7.907907907907905098e-01,7.907907907907905098e-01,-2.424124276623411678e+00
-7.707707707707704969e-01,7.707707707707704969e-01,-2.410195298248188678e+00
-7.507507507507504840e-01,7.507507507507504840e-01,-2.296171204432466251e+00
-7.307307307307304711e-01,7.307307307307304711e-01,-2.174058349270409085e+00
-7.107107107107104582e-01,7.107107107107104582e-01,-2.182413802196385255e+00
-6.906906906906904453e-01,6.906906906906904453e-01,-1.830826704117696435e+00
-6.706706706706704324e-01,6.706706706706704324e-01,-2.108062450175326230e+00
-6.506506506506504195e-01,6.506506506506504195e-01,-2.031263688222718411e+00
-6.306306306306304066e-01,6.306306306306304066e-01,-2.120753895893344065e+00
-6.106106106106103937e-01,6.106106106106103937e-01,-1.806683390329677508e+00
-5.905905905905903808e-01,5.905905905905903808e-01,-1.973412434551747197e+00
-5.705705705705703679e-01,5.705705705705703679e-01,-1.765657175049161198e+00
-5.505505505505503550e-01,5.505505505505503550e-01,-1.679218705107706766e+00
-5.305305305305303420e-01,5.305305305305303420e-01,-1.662564388176279939e+00
-5.105105105105103291e-01,5.105105105105103291e-01,-1.357644263786079941e+00
-4.904904904904903162e-01,4.904904904904903162e-01,-1.372032032339921104e+00
-4.704704704704703033e-01,4.704704704704703033e-01,-1.279497723781253260e+00
-4.504504504504502904e-01,4.504504504504502904e-01,-1.439593233206342804e+00
-4.304304304304302775e-01,4.304304304304302775e-01,-1.178431884839834076e+00
-4.104104104104102646e-01,4.104104104104102646e-01,-1.181631136596834608e+00
-3.903903903903902517e-01,3.903903903903902517e-01,-1.094030576303486102e+00
-3.703703703703702388e-01,3.703703703703702388e-01,-1.008167228232834001e+00
-3.503503503503502259e-01,3.503503503503502259e-01,-1.141927375646955900e+00
-3.303303303303302130e-01,3.303303303303302130e-01,-1.033422753088780732e+00
-3.103103103103102001e-01,3.103103103103102001e-01,-8.446713297980854573e-01
-2.902902902902901872e-01,2.902902902902901872e-01,-1.136432780168363799e+00
-2.702702702702701743e-01,2.702702702702701743e-01,-6.594780025534899837e-01
-2.502502502502501613e-01,2.502502502502501613e-01,-6.954375443299920523e-01
-2.302302302302301484e-01,2.302302302302301484e-01,-6.952610867567139419e-01
-2.102102102102101355e-01,2.102102102102101355e-01,-6.085798650549131272e-01
-1.901901901901901226e-01,1.901901901901901226e-01,-6.735640989014680668e-01
-1.701701701701701097e-01,1.701701701701701097e-01,-5.455048469694208091e-01
-1.501501501501500968e-01,1.501501501501500968e-01,-3.404220166284129268e-01
-1.301301301301300839e-01,1.301301301301300839e-01,-2.605881931577681554e-01
-1.101101101101100710e-01,1.101101101101100710e-01,-6.070792507397221316e-02
-9.009009009009005808e-02,9.009009009009005808e-02,-2.776627368983116684e-01
-7.007007007007004518e-02,7.007007007007004518e-02,-2.760655068907105214e-01
-5.005005005005003227e-02,5.005005005005003227e-02,-2.015735467441489848e-01
-3.003003003003001936e-02,3.003003003003001936e-02,-1.918942776188265475e-01
-1.001001001001000645e-02,1.001001001001000645e-02,-3.781550562411509220e-02
1.001001001001000645e-02,-1.001001001001000645e-02,6.830327303125682814e-02
3.003003003003001936e-02,-3.003003003003001936e-02,8.666586203689466417e-02
5.005005005005003227e-02,-5.005005005005003227e-02,2.597848347167299732e-01
7.007007007007004518e-02,-7.007007007007004518e-02,1.867886300757564677e-01
9.009009009009005808e-02,-9.009009009009005808e-02,2.355252050204138525e-01
1.101101101101100710e-01,-1.101101101101100710e-01,2.722034826442976674e-01
1.301301301301300839e-01,-1.301301301301300839e-01,2.271269377669407064e-01
1.501501501501500968e-01,-1.501501501501500968e-01,2.936736780196048668e-01
1.701701701701701097e-01,-1.701701701701701097e-01,3.925947174467415701e-01
1.901901901901901226e-01,-1.901901901901901226e-01,7.007133777370464500e-01
2.102102102102101355e-01,-2.102102102102101355e-01,7.201566579196234663e-01
2.302302302302301484e-01,-2.302302302302301484e-01,8.281870973299894079e-01
2.502502502502501613e-01,-2.502502502502501613e-01,6.175295852913003092e-01
2.702702702702701743e-01,-2.702702702702701743e-01,6.139483418322084773e-01
2.902902902902901872e-01,-2.902902902902901872e-01,8.048652388574623062e-01
3.103103103103102001e-01,-3.103103103103102001e-01,9.485128262605333482e-01
3.303303303303302130e-01,-3.303303303303302130e-01,1.040860018481973404e+00
3.503503503503502259e-01,-3.503503503503502259e-01,1.155848266647856004e+00
3.703703703703702388e-01,-3.703703703703702388e-01,1.139539078191832200e+00
3.903903903903902517e-01,-3.903903903903902517e-01,1.345438049236733935e+00
4.104104104104102646e-01,-4.104104104104102646e-01,1.208970663136398782e+00
4.304304304304302775e-01,-4.304304304304302775e-01,1.199983369487111151e+00
4.504504504504502904e-01,-4.504504504504502904e-01,1.183229529801907542e+00
4.704704704704703033e-01,-4.704704704704703033e-01,1.322514275601865963e+00
4.904904904904903162e-01,-4.904904904904903162e-01,1.495683267569983155e+00
5.105105105105103291e-01,-5.105105105105103291e-01,1.442659505796167974e+00
5.305305305305303420e-01,-5.305305305305303420e-01,1.685265837945116640e+00
5.505505505505503550e-01,-5.505505505505503550e-01,1.792884422255395460e+00
5.705705705705703679e-01,-5.705705705705703679e-01,1.474753021189050717e+00
5.905905905905903808e-01,-5.905905905905903808e-01,1.858177001821536001e+00
6.106106106106103937e-01,-6.106106106106103937e-01,1.607871425965657464e+00
6.306306306306304066e-01,-6.306306306306304066e-01,1.932041797400919858e+00
6.506506506506504195e-01,-6.506506506506504195e-01,2.074439008371317339e+00
6.706706706706704324e-01,-6.706706706706704324e-01,2.018497622646369116e+00
6.906906906906904453e-01,-6.906906906906904453e-01,1.944103154751647411e+00
7.107107107107104582e-01,-7.107107107107104582e-01,2.073589011704354057e+00
7.307307307307304711e-01,-7.307307307307304711e-01,2.166027647621101337e+00
7.507507507507504840e-01,-7.507507507507504840e-01,2.234027773873257239e+00
7.707707707707704969e-01,-7.707707707707704969e-01,2.292022628235644621e+00
7.907907907907905098e-01,-7.907907907907905098e-01,2.361384094441440151e+00
8.108108108108105228e-01,-8.108108108108105228e-01,2.453780437323448638e+00
8.308308308308305357e-01,-8.308308308308305357e-01,2.371635127119169351e+00
8.508508508508505486e-01,-8.508508508508505486e-01,2.528350569565529504e+00
8.708708708708705615e-01,-8.708708708708705615e-01,2.764438729648182047e+00
8.908908908908905744e-01,-8.908908908908905744e-01,2.634208130358420163e+00
9.109109109109105873e-01,-9.109109109109105873e-01,2.688349123417212105e+00
9.309309309309306002e-01,-9.309309309309306002e-01,2.900612523164215695e+00
9.509509509509506131e-01,-9.509509509509506131e-01,2.596934386218442192e+00
9.709709709709706260e-01,-9.709709709709706260e-01,3.031050773041740420e+00
9.909909909909906389e-01,-9.909909909909906389e-01,2.909782597172455354e+00
1.011011011011010652e+00,-1.011011011011010652e+00,3.049425890278290474e+00
1.031031031031030665e+00,-1.031031031031030665e+00,3.102725228685211611e+00
1.051051051051050678e+00,-1.051051051051050678e+00,3.247399965075191464e+00
1.071071071071070691e+00,-1.071071071071070691e+00,3.186453738589677176e+00
1.091091091091090703e+00,-1.091091091091090703e+00,3.205470695116827251e+00
1.111111111111110716e+00,-1.111111111111110716e+00,3.463117912398442133e+00
1.131131131131130729e+00,-1.131131131131130729e+00,3.156976011679274219e+00
1.151151151151150742e+00,-1.151151151151150742e+00,3.455486871623976608e+00
1.171171171171170755e+00,-1.171171171171170755e+00,3.378720971250600336e+00
1.191191191191190768e+00,-1.191191191191190768e+00,3.497416234747916519e+00
1.211211211211210781e+00,-1.211211211211210781e+00,3.834759301779945950e+00
1.231231231231230794e+00,-1.231231231231230794e+00,3.689234151048106813e+00
1.251251251251250807e+00,-1.251251251251250807e+00,3.773260723468890632e+00
1.271271271271270820e+00,-1.271271271271270820e+00,3.635657528243253278e+00
1.291291291291290833e+00,-1.291291291291290833e+00,3.800969407994402971e+00
1.311311311311310845e+00,-1.311311311311310845e+00,3.953589674006810828e+00
1.331331331331330858e+00,-1.331331331331330858e+00,4.029469763305314700e+00
1.351351351351350871e+00,-1.351351351351350871e+00,4.115742709493380502e+00
1.371371371371370884e+00,-1.371371371371370884e+00,4.114976904005870573e+00
1.391391391391390897e+00,-1.391391391391390897e+00,4.226874595019638470e+00
1.411411411411410910e+00,-1.411411411411410910e+00,4.279612425497800743e+00
1.431431431431430923e+00,-1.431431431431430923e+00,4.111320253193839314e+00
1.451451451451450936e+00,-1.451451451451450936e+00,4.358054926545367636e+00
1.471471471471470949e+00,-1.471471471471470949e+00,4.491204655187683414e+00
1.491491491491490962e+00,-1.491491491491490962e+00,4.533462456547924901e+00
1.511511511511510975e+00,-1.511511511511510975e+00,4.498148653537453967e+00
1.531531531531530987e+00,-1.531531531531530987e+00,4.514031943840656425e+00
1.551551551551551000e+00,-1.551551551551551000e+00,4.542823462222489894e+00
1.571571571571571013e+00,-1.571571571571571013e+00,4.701609313560571657e+00
1.591591591591591026e+00,-1.591591591591591026e+00,4.888082762730745046e+00
1.611611611611611039e+00,-1.611611611611611039e+00,4.639654424686672662e+00
1.631631631631631052e+00,-1.631631631631631052e+00,4.828905721921943339e+00
1.651651651651651065e+00,-1.651651651651651065e+00,4.840974709412275701e+00
1.671671671671671078e+00,-1.671671671671671078e+00,5.093510767139063589e+00
1.691691691691691091e+00,-1.691691691691691091e+00,5.019644112417942949e+00
1.711711711711711104e+00,-1.711711711711711104e+00,5.088071369319654202e+00
1.731731731731731116e+00,-1.731731731731731116e+00,5.173500238201528489e+00
1.751751751751751129e+00,-1.751751751751751129e+00,5.299794580344733497e+00
1.771771771771771142e+00,-1.771771771771771142e+00,5.276076415500349448e+00
1.791791791791791155e+00,-1.791791791791791155e+00,5.070761069895381112e+00
1.811811811811811168e+00,-1.811811811811811168e+00,5.489766624574185627e+00
1.831831831831831181e+00,-1.831831831831831181e+00,5.539399791262697548e+00
1.851851851851851194e+00,-1.851851851851851194e+00,5.533601452722431979e+00
1.871871871871871207e+00,-1.871871871871871207e+00,5.507211953548420524e+00
1.891891891891891220e+00,-1.891891891891891220e+00,5.710853686743809554e+00
1.911911911911911233e+00,-1.911911911911911233e+00,5.773659289089292379e+00
1.931931931931931246e+00,-1.931931931931931246e+00,5.748792507525706696e+00
1.951951951951951258e+00,-1.951951951951951258e+00,5.834182708798300254e+00
1.971971971971971271e+00,-1.971971971971971271e+00,5.822900265663482067e+00
1.991991991991991284e+00,-1.991991991991991284e+00,5.958117066767241177e+00
2.012012012012011297e+00,-2.012012012012012185e+00,5.880993101527684175e+00
2.032032032032031310e+00,-2.032032032032032198e+00,6.137827978199275947e+00
2.052052052052051323e+00,-2.052052052052052211e+00,6.061719307073722973e+00
2.072072072072071336e+00,-2.072072072072072224e+00,6.240026530999443821e+00
2.092092092092091349e+00,-2.092092092092092237e+00,6.135679984649482499e+00
2.112112112112111362e+00,-2.112112112112112250e+00,6.277330571749378585e+00
2.132132132132131375e+00,-2.132132132132132263e+00,6.385347455889799129e+00
2.152152152152151388e+00,-2.152152152152152276e+00,6.290386475269525768e+00
2.172172172172171400e+00,-2.172172172172172289e+00,6.528031303830521992e+00
2.192192192192191413e+00,-2.192192192192192302e+00,6.538661820288580451e+00
2.212212212212211426e+00,-2.212212212212212314e+00,6.462401016855709557e+00
2.232232232232231439e+00,-2.232232232232232327e+00,6.566372421285461058e+00
2.252252252252251452e+00,-2.252252252252252340e+00,6.817268765164969047e+00
2.272272272272271465e+00,-2.272272272272272353e+00,6.906372415371945017e+00
2.292292292292291478e+00,-2.292292292292292366e+00,6.863686012898876143e+00
2.312312312312311491e+00,-2.312312312312312379e+00,6.977413118140982640e+00
2.332332332332331504e+00,-2.332332332332332392e+00,7.019381353328284057e+00
2.352352352352351517e+00,-2.352352352352352405e+00,7.090019355269826740e+00
2.372372372372371530e+00,-2.372372372372372418e+00,7.245715517825142449e+00
2.392392392392391542e+00,-2.392392392392392431e+00,7.026477337355745867e+00
2.412412412412411555e+00,-2.412412412412412444e+00,7.304883310473394786e+00
2.432432432432431568e+00,-2.432432432432432456e+00,7.259096401739510540e+00
2.452452452452451581e+00,-2.452452452452452469e+00,7.334931463932188755e+00
2.472472472472471594e+00,-2.472472472472472482e+00,7.387192444371906141e+00
2.492492492492491607e+00,-2.492492492492492495e+00,7.439962765811344525e+00
2.512512512512511620e+00,-2.512512512512512508e+00,7.414917918359231308e+00
2.532532532532531633e+00,-2.532532532532532521e+00,7.615931517523352845e+00
2.552552552552551646e+00,-2.552552552552552534e+00,7.824751960936539241e+00
2.572572572572571659e+00,-2.572572572572572547e+00,7.712104415672837554e+00
2.592592592592591672e+00,-2.592592592592592560e+00,7.777639273504263429e+00
2.612612612612611684e+00,-2.612612612612612573e+00,7.769107934122167158e+00
2.632632632632631697e+00,-2.632632632632632586e+00,7.886150443256082276e+00
2.652652652652651710e+00,-2.652652652652652598e+00,8.004574600561356945e+00
2.672672672672671723e+00,-2.672672672672672611e+00,7.980993773947578696e+00
2.692692692692691736e+00,-2.692692692692692624e+00,8.032697673972872821e+00
2.712712712712711749e+00,-2.712712712712712637e+00,8.178464592154458757e+00
2.732732732732731762e+00,-2.732732732732732650e+00,8.106397721216289654e+00
2.752752752752751775e+00,-2.752752752752752663e+00,8.283507920965940130e+00
2.772772772772771788e+00,-2.772772772772772676e+00,8.400350498044454994e+00
2.792792792792791801e+00,-2.792792792792792689e+00,8.514373232546322612e+00
2.812812812812811814e+00,-2.812812812812812702e+00,8.429400237710739319e+00
2.832832832832833603e+00,-2.832832832832832715e+00,8.635258222479173185e+00
2.852852852852853616e+00,-2.852852852852852727e+00,8.661999547206715278e+00
2.872872872872873629e+00,-2.872872872872872740e+00,8.518997354581516745e+00
2.892892892892893641e+00,-2.892892892892892753e+00,8.556884827519366965e+00
2.912912912912913654e+00,-2.912912912912912766e+00,8.708242374953300668e+00
2.932932932932933667e+00,-2.932932932932932779e+00,8.901692348058288573e+00
2.952952952952953680e+00,-2.952952952952952792e+00,8.851630158102862467e+00
2.972972972972973693e+00,-2.972972972972972805e+00,8.858853163153144195e+00
2.992992992992993706e+00,-2.992992992992992818e+00,9.134203296983839593e+00
3.013013013013013719e+00,-3.013013013013012831e+00,9.067729487839377711e+00
3.033033033033033732e+00,-3.033033033033032844e+00,8.867039671520029032e+00
3.053053053053053745e+00,-3.053053053053052857e+00,9.190875221788431304e+00
3.073073073073073758e+00,-3.073073073073072869e+00,9.271223280676309741e+00
3.093093093093093771e+00,-3.093093093093092882e+00,9.301840144726392978e+00
3.113113113113113783e+00,-3.113113113113112895e+00,9.384310549362542275e+00
3.133133133133133796e+00,-3.133133133133132908e+00,9.392671838507105520e+00
3.153153153153153809e+00,-3.153153153153152921e+00,9.327619872494990361e+00
3.173173173173173822e+00,-3.173173173173172934e+00,9.482449119197477572e+00
3.193193193193193835e+00,-3.193193193193192947e+00,9.485018000023954343e+00
3.213213213213213848e+00,-3.213213213213212960e+00,9.546365548560206804e+00
3.233233233233233861e+00,-3.233233233233232973e+00,9.573392864789477485e+00
3.253253253253253874e+00,-3.253253253253252986e+00,9.805008669023729695e+00
3.273273273273273887e+00,-3.273273273273272999e+00,9.829609434361087139e+00
3.293293293293293900e+00,-3.293293293293293011e+00,9.835063343611814446e+00
3.313313313313313913e+00,-3.313313313313313024e+00,9.875006147166907056e+00
3.333333333333333925e+00,-3.333333333333333037e+00,9.997657689497859934e+00
3.353353353353353938e+00,-3.353353353353353050e+00,1.016797953287131406e+01
3.373373373373373951e+00,-3.373373373373373063e+00,9.919698548570233143e+00
3.393393393393393964e+00,-3.393393393393393076e+00,1.021786783226527540e+01
3.413413413413413977e+00,-3.413413413413413089e+00,1.018566904283846775e+01
3.433433433433433990e+00,-3.433433433433433102e+00,1.011184171580236146e+01
3.453453453453454003e+00,-3.453453453453453115e+00,1.016579005204397035e+01
3.473473473473474016e+00,-3.473473473473473128e+00,1.032914207100689552e+01
3.493493493493494029e+00,-3.493493493493493141e+00,1.050243143605979057e+01
3.513513513513514042e+00,-3.513513513513513153e+00,1.057984683393855541e+01
3.533533533533534055e+00,-3.533533533533533166e+00,1.050670244333282710e+01
3.553553553553554067e+00,-3.553553553553553179e+00,1.076236275980198975e+01
3.573573573573574080e+00,-3.573573573573573192e+00,1.086301907037233683e+01
3.593593593593594093e+00,-3.593593593593594093e+00,1.082038943927643970e+01
3.613613613613614106e+00,-3.613613613613614106e+00,1.078170057406003224e+01
3.633633633633634119e+00,-3.633633633633634119e+00,1.101334281935194070e+01
3.653653653653654132e+00,-3.653653653653654132e+00,1.103650053052729874e+01
3.673673673673674145e+00,-3.673673673673674145e+00,1.110776176215651567e+01
3.693693693693694158e+00,-3.693693693693694158e+00,1.101543471358393056e+01
3.713713713713714171e+00,-3.713713713713714171e+00,1.085768569061367472e+01
3.733733733733734184e+00,-3.733733733733734184e+00,1.141288030334957249e+01
3.753753753753754197e+00,-3.753753753753754197e+00,1.110017342091627057e+01
3.773773773773774209e+00,-3.773773773773774209e+00,1.131774451413530258e+01
3.793793793793794222e+00,-3.793793793793794222e+00,1.161945591650335885e+01
3.813813813813814235e+00,-3.813813813813814235e+00,1.147449911706888237e+01
3.833833833833834248e+00,-3.833833833833834248e+00,1.159642614885732748e+01
3.853853853853854261e+00,-3.853853853853854261e+00,1.141132190462339402e+01
3.873873873873874274e+00,-3.873873873873874274e+00,1.144385492614825317e+01
3.893893893893894287e+00,-3.893893893893894287e+00,1.162841140248372973e+01
3.913913913913914300e+00,-3.913913913913914300e+00,1.185081671518519464e+01
3.933933933933934313e+00,-3.933933933933934313e+00,1.176717685703707339e+01
3.953953953953954326e+00,-3.953953953953954326e+00,1.178239822975471540e+01
3.973973973973974338e+00,-3.973973973973974338e+00,1.194171865091642104e+01
3.993993993993994351e+00,-3.993993993993994351e+00,1.209017550382971073e+01
4.014014014014014364e+00,-4.014014014014014364e+00,1.189754802213470697e+01
4.034034034034034377e+00,-4.034034034034034377e+00,1.198104780268976910e+01
4.054054054054054390e+00,-4.054054054054054390e+00,1.208329523671122807e+01
4.074074074074074403e+00,-4.074074074074074403e+00,1.233168605969343368e+01
4.094094094094094416e+00,-4.094094094094094416e+00,1.230576443487715821e+01
4.114114114114114429e+00,-4.114114114114114429e+00,1.255555768339938894e+01
4.134134134134134442e+00,-4.134134134134134442e+00,1.249604697498551609e+01
4.154154154154154455e+00,-4.154154154154154455e+00,1.245895294477549875e+01
4.174174174174174468e+00,-4.174174174174174468e+00,1.264903030633140091e+01
4.194194194194194480e+00,-4.194194194194194480e+00,1.260373228385577349e+01
4.214214214214214493e+00,-4.214214214214214493e+00,1.257215050739190154e+01
4.234234234234234506e+00,-4.234234234234234506e+00,1.277070018712721478e+01
4.254254254254254519e+00,-4.254254254254254519e+00,1.269313009737665787e+01
4.274274274274274532e+00,-4.274274274274274532e+00,1.279378311274243885e+01
4.294294294294294545e+00,-4.294294294294294545e+00,1.301566115247868360e+01
4.314314314314314558e+00,-4.314314314314314558e+00,1.293281479432120484e+01
4.334334334334334571e+00,-4.334334334334334571e+00,1.292268886426884222e+01
4.354354354354354584e+00,-4.354354354354354584e+00,1.301662929391951629e+01
4.374374374374374597e+00,-4.374374374374374597e+00,1.322530218168199312e+01
4.394394394394394610e+00,-4.394394394394394610e+00,1.312792911584151234e+01
4.414414414414414622e+00,-4.414414414414414622e+00,1.320455615855818010e+01
4.434434434434434635e+00,-4.434434434434434635e+00,1.325227402933994370e+01
4.454454454454454648e+00,-4.454454454454454648e+00,1.338175591279739685e+01
4.474474474474474661e+00,-4.474474474474474661e+00,1.338487444738586518e+01
4.494494494494494674e+00,-4.494494494494494674e+00,1.332329987858623177e+01
4.514514514514514687e+00,-4.514514514514514687e+00,1.345482544935904201e+01
4.534534534534534700e+00,-4.534534534534534700e+00,1.351032469945296199e+01
4.554554554554554713e+00,-4.554554554554554713e+00,1.378799560210918074e+01
4.574574574574574726e+00,-4.574574574574574726e+00,1.380499112793462935e+01
4.594594594594594739e+00,-4.594594594594594739e+00,1.384250972172376848e+01
4.614614614614614752e+00,-4.614614614614614752e+00,1.379330801211740543e+01
4.634634634634634764e+00,-4.634634634634634764e+00,1.382232474970450831e+01
4.654654654654654777e+00,-4.654654654654654777e+00,1.391321220379822954e+01
4.674674674674674790e+00,-4.674674674674674790e+00,1.391883601376885871e+01
4.694694694694694803e+00,-4.694694694694694803e+00,1.433380412324278730e+01
4.714714714714714816e+00,-4.714714714714714816e+00,1.391961197930700678e+01
4.734734734734734829e+00,-4.734734734734734829e+00,1.426060505771158660e+01
4.754754754754754842e+00,-4.754754754754754842e+00,1.413580903446501402e+01
4.774774774774774855e+00,-4.774774774774774855e+00,1.431388997517485784e+01
4.794794794794794868e+00,-4.794794794794794868e+00,1.428558419013501357e+01
4.814814814814814881e+00,-4.814814814814814881e+00,1.432668154819618422e+01
4.834834834834834894e+00,-4.834834834834834894e+00,1.439048487441101010e+01
4.854854854854854906e+00,-4.854854854854854906e+00,1.474006317993877246e+01
4.874874874874874919e+00,-4.874874874874874919e+00,1.461132578239366708e+01
4.894894894894894932e+00,-4.894894894894894932e+00,1.460811446523687707e+01
4.914914914914914945e+00,-4.914914914914914945e+00,1.480032344115303466e+01
4.934934934934934958e+00,-4.934934934934934958e+00,1.480583973626143646e+01
4.954954954954954971e+00,-4.954954954954954971e+00,1.493686824079903275e+01
4.974974974974974984e+00,-4.974974974974974984e+00,1.474249925933114369e+01
4.994994994994994997e+00,-4.994994994994994997e+00,1.501534537543118653e+01
5.015015015015015010e+00,-5.015015015015015010e+00,1.512231452875528426e+01
5.035035035035035023e+00,-5.035035035035035023e+00,1.493894527599364963e+01
5.055055055055055035e+00,-5.055055055055055035e+00,1.520998469360749894e+01
5.075075075075075048e+00,-5.075075075075075048e+00,1.539484338250804285e+01
5.095095095095095061e+00,-5.095095095095095061e+00,1.528379951494981626e+01
5.115115115115115074e+00,-5.115115115115115074e+00,1.542748593904782872e+01
5.135135135135135087e+00,-5.135135135135135087e+00,1.547246245043649715e+01
5.155155155155155100e+00,-5.155155155155155100e+00,1.539471489571440976e+01
5.175175175175175113e+00,-5.175175175175175113e+00,1.552950219898417750e+01
5.195195195195195126e+00,-5.195195195195195126e+00,1.542888611449942715e+01
5.215215215215215139e+00,-5.215215215215215139e+00,1.560051534193539524e+01
5.235235235235235152e+00,-5.235235235235235152e+00,1.573227450320233167e+01
5.255255255255255165e+00,-5.255255255255255165e+00,1.583807581513954688e+01
5.275275275275275177e+00,-5.275275275275275177e+00,1.582828703835061823e+01
5.295295295295295190e+00,-5.295295295295295190e+00,1.595788425890020434e+01
5.315315315315315203e+00,-5.315315315315315203e+00,1.583565532465041059e+01
5.335335335335335216e+00,-5.335335335335335216e+00,1.599583627855052015e+01
5.355355355355355229e+00,-5.355355355355355229e+00,1.606799400451737370e+01
5.375375375375375242e+00,-5.375375375375375242e+00,1.631108525079408977e+01
5.395395395395395255e+00,-5.395395395395395255e+00,1.616476952056617833e+01
5.415415415415415268e+00,-5.415415415415415268e+00,1.619634458244683017e+01
5.435435435435435281e+00,-5.435435435435435281e+00,1.630844142869066360e+01
5.455455455455455294e+00,-5.455455455455455294e+00,1.627445502187937265e+01
5.475475475475475307e+00,-5.475475475475475307e+00,1.644570181133294895e+01
5.495495495495495319e+00,-5.495495495495495319e+00,1.644998096483186245e+01
5.515515515515515332e+00,-5.515515515515515332e+00,1.636741379174242894e+01
5.535535535535535345e+00,-5.535535535535535345e+00,1.660074795149322213e+01
5.555555555555555358e+00,-5.555555555555555358e+00,1.663491235727364881e+01
5.575575575575575371e+00,-5.575575575575575371e+00,1.656348439651992877e+01
5.595595595595595384e+00,-5.595595595595595384e+00,1.678007337132533650e+01
5.615615615615615397e+00,-5.615615615615615397e+00,1.699578244305429564e+01
5.635635635635635410e+00,-5.635635635635635410e+00,1.695903728173447789e+01
5.655655655655655423e+00,-5.655655655655655423e+00,1.702815968624008391e+01
5.675675675675675436e+00,-5.675675675675675436e+00,1.689287735446872318e+01
5.695695695695695449e+00,-5.695695695695695449e+00,1.713477692397930952e+01
5.715715715715715461e+00,-5.715715715715715461e+00,1.716199210528515451e+01
5.735735735735735474e+00,-5.735735735735735474e+00,1.726011173104065222e+01
5.755755755755755487e+00,-5.755755755755755487e+00,1.730953012943815139e+01
5.775775775775775500e+00,-5.775775775775775500e+00,1.719134925477694864e+01
5.795795795795795513e+00,-5.795795795795795513e+00,1.738324730623159198e+01
5.815815815815815526e+00,-5.815815815815815526e+00,1.737166036140493119e+01
5.835835835835835539e+00,-5.835835835835835539e+00,1.750249909807902782e+01
5.855855855855855552e+00,-5.855855855855855552e+00,1.747782747487738675e+01
5.875875875875875565e+00,-5.875875875875875565e+00,1.775887466434172879e+01
5.895895895895895578e+00,-5.895895895895895578e+00,1.760179044884325350e+01
5.915915915915915591e+00,-5.915915915915915591e+00,1.765785353210119624e+01
5.935935935935935603e+00,-5.935935935935935603e+00,1.781526644846216456e+01
5.955955955955955616e+00,-5.955955955955955616e+00,1.776015796092746868e+01
5.975975975975975629e+00,-5.975975975975975629e+00,1.788546159768464250e+01
5.995995995995995642e+00,-5.995995995995995642e+00,1.790499152823419138e+01
6.016016016016017431e+00,-6.016016016016015655e+00,1.818916525443701815e+01
6.036036036036037444e+00,-6.036036036036035668e+00,1.818668849079123362e+01
6.056056056056057457e+00,-6.056056056056055681e+00,1.816242121632163631e+01
6.076076076076077470e+00,-6.076076076076075694e+00,1.818910652301083530e+01
6.096096096096097483e+00,-6.096096096096095707e+00,1.838238004974580875e+01
6.116116116116117496e+00,-6.116116116116115720e+00,1.838886875638064566e+01
6.136136136136137509e+00,-6.136136136136135732e+00,1.845821364887670057e+01
6.156156156156157522e+00,-6.156156156156155745e+00,1.846584924473405209e+01
6.176176176176177535e+00,-6.176176176176175758e+00,1.835970552575139436e+01
6.196196196196197548e+00,-6.196196196196195771e+00,1.857734199033264133e+01
6.216216216216217560e+00,-6.216216216216215784e+00,1.859539965672774997e+01
6.236236236236237573e+00,-6.236236236236235797e+00,1.877321423605470230e+01
6.256256256256257586e+00,-6.256256256256255810e+00,1.886995301206819420e+01
6.276276276276277599e+00,-6.276276276276275823e+00,1.876303372435272010e+01
6.296296296296297612e+00,-6.296296296296295836e+00,1.893572741231660217e+01
6.316316316316317625e+00,-6.316316316316315849e+00,1.912253684871752668e+01
6.336336336336337638e+00,-6.336336336336335862e+00,1.894223773695195945e+01
6.356356356356357651e+00,-6.356356356356355874e+00,1.923726124307638941e+01
6.376376376376377664e+00,-6.376376376376375887e+00,1.904387054441207283e+01
6.396396396396397677e+00,-6.396396396396395900e+00,1.919148516474999155e+01
6.416416416416417690e+00,-6.416416416416415913e+00,1.924813468806507188e+01
6.436436436436437702e+00,-6.436436436436435926e+00,1.931045919929632149e+01
6.456456456456457715e+00,-6.456456456456455939e+00,1.928560156517858104e+01
6.476476476476477728e+00,-6.476476476476475952e+00,1.937031111905299241e+01
6.496496496496497741e+00,-6.496496496496495965e+00,1.942271746085355844e+01
6.516516516516517754e+00,-6.516516516516515978e+00,1.958224580909000423e+01
6.536536536536537767e+00,-6.536536536536535991e+00,1.964261312106064850e+01
6.556556556556557780e+00,-6.556556556556556004e+00,1.989226410284350166e+01
6.576576576576577793e+00,-6.576576576576576016e+00,1.986682863035884949e+01
6.596596596596597806e+00,-6.596596596596596029e+00,1.973880546557595039e+01
6.616616616616617819e+00,-6.616616616616616042e+00,1.988233681142947518e+01
6.636636636636637832e+00,-6.636636636636636055e+00,2.000962170798909412e+01
6.656656656656657844e+00,-6.656656656656656068e+00,1.997303015240382962e+01
6.676676676676677857e+00,-6.676676676676676081e+00,2.002306587218534517e+01
6.696696696696697870e+00,-6.696696696696696094e+00,2.009524758436708680e+01
6.716716716716717883e+00,-6.716716716716716107e+00,2.023687781303100053e+01
6.736736736736737896e+00,-6.736736736736736120e+00,2.012537815792969553e+01
6.756756756756757909e+00,-6.756756756756756133e+00,2.023770332338825995e+01
6.776776776776777922e+00,-6.776776776776776146e+00,2.037737364481498403e+01
6.796796796796797935e+00,-6.796796796796797047e+00,2.042153509754581009e+01
6.816816816816817948e+00,-6.816816816816817060e+00,2.047440872643609211e+01
6.836836836836837961e+00,-6.836836836836837072e+00,2.047353039388013229e+01
6.856856856856857974e+00,-6.856856856856857085e+00,2.066782414948482938e+01
6.876876876876877986e+00,-6.876876876876877098e+00,2.084401745535108930e+01
6.896896896896897999e+00,-6.896896896896897111e+00,2.073133224005831465e+01
6.916916916916918012e+00,-6.916916916916917124e+00,2.073143308059577095e+01
6.936936936936938025e+00,-6.936936936936937137e+00,2.088638483970026982e+01
6.956956956956958038e+00,-6.956956956956957150e+00,2.081695760719557597e+01
6.976976976976978051e+00,-6.976976976976977163e+00,2.085596189646064502e+01
6.996996996996998064e+00,-6.996996996996997176e+00,2.099427186575236703e+01
7.017017017017018077e+00,-7.017017017017017189e+00,2.079277138775405831e+01
7.037037037037038090e+00,-7.037037037037037202e+00,2.099571607474591417e+01
7.057057057057058103e+00,-7.057057057057057214e+00,2.113637498557908856e+01
7.077077077077078116e+00,-7.077077077077077227e+00,2.109589234541646263e+01
7.097097097097098128e+00,-7.097097097097097240e+00,2.118802698110208027e+01
7.117117117117118141e+00,-7.117117117117117253e+00,2.130767651760555381e+01
7.137137137137138154e+00,-7.137137137137137266e+00,2.124711488205835508e+01
7.157157157157158167e+00,-7.157157157157157279e+00,2.143086429184549146e+01
7.177177177177178180e+00,-7.177177177177177292e+00,2.147800451507825059e+01
7.197197197197198193e+00,-7.197197197197197305e+00,2.159413211243009556e+01
7.217217217217218206e+00,-7.217217217217217318e+00,2.176707005470105827e+01
7.237237237237238219e+00,-7.237237237237237331e+00,2.172896215336099957e+01
7.257257257257258232e+00,-7.257257257257257343e+00,2.177387797390598223e+01
7.277277277277278245e+00,-7.277277277277277356e+00,2.184177727753490572e+01
7.297297297297298257e+00,-7.297297297297297369e+00,2.191463116940400724e+01
7.317317317317318270e+00,-7.317317317317317382e+00,2.185027808709097741e+01
7.337337337337338283e+00,-7.337337337337337395e+00,2.200053447953493446e+01
7.357357357357358296e+00,-7.357357357357357408e+00,2.210294719625573734e+01
7.377377377377378309e+00,-7.377377377377377421e+00,2.199505613387782788e+01
7.397397397397398322e+00,-7.397397397397397434e+00,2.227875748447377902e+01
7.417417417417418335e+00,-7.417417417417417447e+00,2.236038985569807380e+01
7.437437437437438348e+00,-7.437437437437437460e+00,2.224917471346737585e+01
7.457457457457458361e+00,-7.457457457457457473e+00,2.234823859322706596e+01
7.477477477477478374e+00,-7.477477477477477485e+00,2.234461339815142722e+01
7.497497497497498387e+00,-7.497497497497497498e+00,2.256243054085127753e+01
7.517517517517518399e+00,-7.517517517517517511e+00,2.244643032380796299e+01
7.537537537537538412e+00,-7.537537537537537524e+00,2.259036491158832405e+01
7.557557557557558425e+00,-7.557557557557557537e+00,2.258678068189190924e+01
7.577577577577578438e+00,-7.577577577577577550e+00,2.273782816043386390e+01
7.597597597597598451e+00,-7.597597597597597563e+00,2.261336986564382201e+01
7.617617617617618464e+00,-7.617617617617617576e+00,2.298549901708942400e+01
7.637637637637638477e+00,-7.637637637637637589e+00,2.281645227049228808e+01
7.657657657657658490e+00,-7.657657657657657602e+00,2.297896244128460452e+01
7.677677677677678503e+00,-7.677677677677677615e+00,2.301178072855600476e+01
7.697697697697698516e+00,-7.697697697697697627e+00,2.301688164190084507e+01
7.717717717717718529e+00,-7.717717717717717640e+00,2.306437513948956308e+01
7.737737737737738541e+00,-7.737737737737737653e+00,2.330685306756846131e+01
7.757757757757758554e+00,-7.757757757757757666e+00,2.322070921396308307e+01
7.777777777777778567e+00,-7.777777777777777679e+00,2.336045035179706630e+01
7.797797797797798580e+00,-7.797797797797797692e+00,2.331324370485396003e+01
7.817817817817818593e+00,-7.817817817817817705e+00,2.338873531026867880e+01
7.837837837837838606e+00,-7.837837837837837718e+00,2.356073822852230037e+01
7.857857857857858619e+00,-7.857857857857857731e+00,2.366661442318468644e+01
7.877877877877878632e+00,-7.877877877877877744e+00,2.361610199340093530e+01
7.897897897897898645e+00,-7.897897897897897757e+00,2.355150170652965258e+01
7.917917917917918658e+00,-7.917917917917917769e+00,2.395354936172875782e+01
7.937937937937938671e+00,-7.937937937937937782e+00,2.372815888299039599e+01
7.957957957957958683e+00,-7.957957957957957795e+00,2.371971513390669628e+01
7.977977977977978696e+00,-7.977977977977977808e+00,2.419337639271074991e+01
7.997997997997998709e+00,-7.997997997997997821e+00,2.395359076460890080e+01
8.018018018018018722e+00,-8.018018018018018722e+00,2.390788078522791693e+01
8.038038038038038735e+00,-8.038038038038038735e+00,2.404577013743524816e+01
8.058058058058058748e+00,-8.058058058058058748e+00,2.421092866377640362e+01
8.078078078078078761e+00,-8.078078078078078761e+00,2.425326538999362924e+01
8.098098098098098774e+00,-8.098098098098098774e+00,2.420912137456893731e+01
8.118118118118118787e+00,-8.118118118118118787e+00,2.453662671436715215e+01
8.138138138138138800e+00,-8.138138138138138800e+00,2.436225644661507772e+01
8.158158158158158813e+00,-8.158158158158158813e+00,2.435600581543332055e+01
8.178178178178178825e+00,-8.178178178178178825e+00,2.463060387438060417e+01
8.198198198198198838e+00,-8.198198198198198838e+00,2.472750087924856643e+01
8.218218218218218851e+00,-8.218218218218218851e+00,2.457290534489303369e+01
8.238238238238238864e+00,-8.238238238238238864e+00,2.457457998541078581e+01
8.258258258258258877e+00,-8.258258258258258877e+00,2.487781860151633850e+01
8.278278278278278890e+00,-8.278278278278278890e+00,2.463010247352903903e+01
8.298298298298298903e+00,-8.298298298298298903e+00,2.477223272895523465e+01
8.318318318318318916e+00,-8.318318318318318916e+00,2.505169956995997893e+01
8.338338338338338929e+00,-8.338338338338338929e+00,2.500947976021277697e+01
8.358358358358358942e+00,-8.358358358358358942e+00,2.504868134021580772e+01
8.378378378378378954e+00,-8.378378378378378954e+00,2.517041679578457547e+01
8.398398398398398967e+00,-8.398398398398398967e+00,2.517991775284065525e+01
8.418418418418418980e+00,-8.418418418418418980e+00,2.512538658303894934e+01
8.438438438438438993e+00,-8.438438438438438993e+00,2.544292284991593434e+01
8.458458458458459006e+00,-8.458458458458459006e+00,2.550787678066405917e+01
8.478478478478479019e+00,-8.478478478478479019e+00,2.545596869181323285e+01
8.498498498498499032e+00,-8.498498498498499032e+00,2.550000889703869689e+01
8.518518518518519045e+00,-8.518518518518519045e+00,2.578951803615756333e+01
8.538538538538539058e+00,-8.538538538538539058e+00,2.558797233111403457e+01
8.558558558558559071e+00,-8.558558558558559071e+00,2.564971797749227278e+01
8.578578578578579084e+00,-8.578578578578579084e+00,2.577218386065978706e+01
8.598598598598599096e+00,-8.598598598598599096e+00,2.594292799141003059e+01
8.618618618618619109e+00,-8.618618618618619109e+00,2.601513293129760740e+01
8.638638638638639122e+00,-8.638638638638639122e+00,2.589005865274824103e+01
8.658658658658659135e+00,-8.658658658658659135e+00,2.600680910057191042e+01
8.678678678678679148e+00,-8.678678678678679148e+00,2.589822768932963015e+01
8.698698698698699161e+00,-8.698698698698699161e+00,2.606489848530447517e+01
8.718718718718719174e+00,-8.718718718718719174e+00,2.607212711660822535e+01
8.738738738738739187e+00,-8.738738738738739187e+00,2.611553304098631756e+01
8.758758758758759200e+00,-8.758758758758759200e+00,2.644443394790301127e+01
8.778778778778779213e+00,-8.778778778778779213e+00,2.625710767015572245e+01
8.798798798798799226e+00,-8.798798798798799226e+00,2.634323580559525269e+01
8.818818818818819238e+00,-8.818818818818819238e+00,2.649304133524814375e+01
8.838838838838839251e+00,-8.838838838838839251e+00,2.664629904321387599e+01
8.858858858858859264e+00,-8.858858858858859264e+00,2.662468808921546071e+01
8.878878878878879277e+00,-8.878878878878879277e+00,2.691257214803879450e+01
8.898898898898899290e+00,-8.898898898898899290e+00,2.668922989887158437e+01
8.918918918918919303e+00,-8.918918918918919303e+00,2.678262840077973195e+01
8.938938938938939316e+00,-8.938938938938939316e+00,2.684437688421522239e+01
8.958958958958959329e+00,-8.958958958958959329e+00,2.702038181555579399e+01
8.978978978978979342e+00,-8.978978978978979342e+00,2.698766083204790078e+01
8.998998998998999355e+00,-8.998998998998999355e+00,2.698537402695828291e+01
9.019019019019019368e+00,-9.019019019019019368e+00,2.696230819756636876e+01
9.039039039039039380e+00,-9.039039039039039380e+00,2.714156146271328041e+01
9.059059059059059393e+00,-9.059059059059059393e+00,2.731731166030637326e+01
9.079079079079079406e+00,-9.079079079079079406e+00,2.719619905787144987e+01
9.099099099099099419e+00,-9.099099099099099419e+00,2.735019165913895733e+01
9.119119119119119432e+00,-9.119119119119119432e+00,2.738197213622584414e+01
9.139139139139139445e+00,-9.139139139139139445e+00,2.750376938325554832e+01
9.159159159159159458e+00,-9.159159159159159458e+00,2.739700210341369058e+01
9.179179179179179471e+00,-9.179179179179179471e+00,2.777220224059019316e+01
9.199199199199199484e+00,-9.199199199199199484e+00,2.746968148689477118e+01
9.219219219219219497e+00,-9.219219219219219497e+00,2.762110254865905645e+01
9.239239239239239510e+00,-9.239239239239239510e+00,2.781152697180828426e+01
9.259259259259259522e+00,-9.259259259259259522e+00,2.780745109502719004e+01
9.279279279279279535e+00,-9.279279279279279535e+00,2.792083645374594880e+01
9.299299299299299548e+00,-9.299299299299299548e+00,2.784828766449964377e+01
9.319319319319319561e+00,-9.319319319319319561e+00,2.795047745968992459e+01
9.339339339339339574e+00,-9.339339339339339574e+00,2.801924121638190002e+01
9.359359359359359587e+00,-9.359359359359359587e+00,2.823500403953167037e+01
9.379379379379379600e+00,-9.379379379379379600e+00,2.820718104057644382e+01
9.399399399399399613e+00,-9.399399399399399613e+00,2.827786540903466772e+01
9.419419419419419626e+00,-9.419419419419419626e+00,2.819246564900457841e+01
9.439439439439439639e+00,-9.439439439439439639e+00,2.841520658217462270e+01
9.459459459459459651e+00,-9.459459459459459651e+00,2.840093654473525930e+01
9.479479479479479664e+00,-9.479479479479479664e+00,2.857735297000623120e+01
9.499499499499499677e+00,-9.499499499499499677e+00,2.869990451399034725e+01
9.519519519519519690e+00,-9.519519519519519690e+00,2.852788198095585770e+01
9.539539539539539703e+00,-9.539539539539539703e+00,2.857798830557411307e+01
9.559559559559559716e+00,-9.559559559559559716e+00,2.859227417956844164e+01
9.579579579579579729e+00,-9.579579579579579729e+00,2.872438078756710667e+01
9.599599599599599742e+00,-9.599599599599599742e+00,2.876059625390375984e+01
9.619619619619619755e+00,-9.619619619619619755e+00,2.889480929881596083e+01
9.639639639639639768e+00,-9.639639639639639768e+00,2.890446223722554464e+01
9.659659659659659781e+00,-9.659659659659659781e+00,2.894281905090081608e+01
9.679679679679679793e+00,-9.679679679679679793e+00,2.914549755265182540e+01
9.699699699699699806e+00,-9.699699699699699806e+00,2.900531107598395408e+01
9.719719719719719819e+00,-9.719719719719719819e+00,2.920246995447429228e+01
9.739739739739739832e+00,-9.739739739739739832e+00,2.917862504650037181e+01
9.759759759759759845e+00,-9.759759759759759845e+00,2.935171612976627742e+01
9.779779779779779858e+00,-9.779779779779779858e+00,2.947786549401156364e+01
9.799799799799799871e+00,-9.799799799799799871e+00,2.936908957405699283e+01
9.819819819819819884e+00,-9.819819819819819884e+00,2.950356275018677366e+01
9.839839839839839897e+00,-9.839839839839839897e+00,2.953739880609283830e+01
9.859859859859859910e+00,-9.859859859859859910e+00,2.949963733962527002e+01
9.879879879879879923e+00,-9.879879879879879923e+00,2.966371839061383398e+01
9.899899899899899935e+00,-9.899899899899899935e+00,2.972861175022758218e+01
9.919919919919919948e+00,-9.919919919919919948e+00,2.980104684180437857e+01
9.939939939939939961e+00,-9.939939939939939961e+00,2.979997993013781610e+01
9.959959959959959974e+00,-9.959959959959959974e+00,2.988929910991089400e+01
9.979979979979979987e+00,-9.979979979979979987e+00,2.982517884545562481e+01
1.000000000000000000e+01,-1.000000000000000000e+01,2.996418859245201460e+01
